{
"type": "Build", "version": 6,
"name": "hand_longgloves_white_pure", "scale": 1,
"atlases": [{"name": "atlas-0.tex"}],
"symbols": [
    {
        "name": "arm_lower_cuff",
        "frames": [
            {"frameNum": 0, "duration": 1, "x": -0.4499998092651367, "y": 3.424999952316284, "width": 52, "height": 51, "vertIdx": 0, "vertNum": 6},
            {"frameNum": 1, "duration": 1, "x": -0.4499998092651367, "y": 3.424999952316284, "width": 52, "height": 51, "vertIdx": 6, "vertNum": 6}
        ]
    },
    {
        "name": "hand",
        "frames": [
            {"frameNum": 0, "duration": 1, "x": 0.5249996185302734, "y": 12.725000381469727, "width": 43, "height": 41, "vertIdx": 12, "vertNum": 6},
            {"frameNum": 1, "duration": 1, "x": 2.224998950958252, "y": 14.699999809265137, "width": 59, "height": 49, "vertIdx": 18, "vertNum": 6},
            {"frameNum": 2, "duration": 1, "x": 1.650001049041748, "y": 11.423009872436523, "width": 49, "height": 41, "vertIdx": 24, "vertNum": 6},
            {"frameNum": 3, "duration": 1, "x": -2.0250000953674316, "y": 11.699999809265137, "width": 45, "height": 41, "vertIdx": 30, "vertNum": 6},
            {"frameNum": 4, "duration": 1, "x": 4.574999809265137, "y": 16.774999618530273, "width": 63, "height": 56, "vertIdx": 36, "vertNum": 6},
            {"frameNum": 5, "duration": 1, "x": -1.9500000476837158, "y": 9.449999809265137, "width": 49, "height": 38, "vertIdx": 42, "vertNum": 6},
            {"frameNum": 6, "duration": 1, "x": -11.300000190734863, "y": 20.700000762939453, "width": 55, "height": 60, "vertIdx": 48, "vertNum": 6},
            {"frameNum": 7, "duration": 1, "x": 11, "y": 19.049999237060547, "width": 53, "height": 54, "vertIdx": 54, "vertNum": 6},
            {"frameNum": 8, "duration": 1, "x": 14.050000190734863, "y": 18.66400909423828, "width": 48, "height": 54, "vertIdx": 60, "vertNum": 6},
            {"frameNum": 9, "duration": 1, "x": 11.800000190734863, "y": 13.556249618530273, "width": 61, "height": 48, "vertIdx": 66, "vertNum": 6},
            {"frameNum": 10, "duration": 1, "x": 2.9749999046325684, "y": 19.625, "width": 53, "height": 62, "vertIdx": 72, "vertNum": 6},
            {"frameNum": 11, "duration": 1, "x": 0.5249996185302734, "y": 12.824999809265137, "width": 43, "height": 42, "vertIdx": 78, "vertNum": 6},
            {"frameNum": 12, "duration": 1, "x": 2.224998950958252, "y": 14.699999809265137, "width": 59, "height": 49, "vertIdx": 84, "vertNum": 6},
            {"frameNum": 13, "duration": 1, "x": -0.205997496843338, "y": 19.661869049072266, "width": 71, "height": 62, "vertIdx": 90, "vertNum": 6},
            {"frameNum": 14, "duration": 1, "x": 4.574999809265137, "y": 16.774999618530273, "width": 63, "height": 56, "vertIdx": 96, "vertNum": 6},
            {"frameNum": 15, "duration": 1, "x": 8.32499885559082, "y": 70.92500305175781, "width": 91, "height": 159, "vertIdx": 102, "vertNum": 6},
            {"frameNum": 16, "duration": 1, "x": 14.050000190734863, "y": 18.66400909423828, "width": 48, "height": 54, "vertIdx": 108, "vertNum": 6},
            {"frameNum": 17, "duration": 1, "x": -5.812499046325684, "y": 28.475000381469727, "width": 68, "height": 71, "vertIdx": 114, "vertNum": 18},
            {"frameNum": 18, "duration": 1, "x": -1.8250000476837158, "y": 7.67500114440918, "width": 62, "height": 61, "vertIdx": 132, "vertNum": 6},
            {"frameNum": 19, "duration": 1, "x": 2.8250010013580322, "y": -1.2625000476837158, "width": 76, "height": 56, "vertIdx": 138, "vertNum": 6},
            {"frameNum": 20, "duration": 1, "x": 0.824999988079071, "y": 12.050000190734863, "width": 48, "height": 48, "vertIdx": 144, "vertNum": 6},
            {"frameNum": 21, "duration": 1, "x": 0.925000011920929, "y": 10.399999618530273, "width": 48, "height": 48, "vertIdx": 150, "vertNum": 6},
            {"frameNum": 22, "duration": 1, "x": 8.312499046325684, "y": 14.050000190734863, "width": 73, "height": 69, "vertIdx": 156, "vertNum": 30},
            {"frameNum": 23, "duration": 1, "x": -8.02500057220459, "y": 15, "width": 68, "height": 56, "vertIdx": 186, "vertNum": 6},
            {"frameNum": 24, "duration": 1, "x": -0.9437503814697266, "y": 4.837500095367432, "width": 44, "height": 53, "vertIdx": 192, "vertNum": 6}
        ]
    },
    {
        "name": "SWAP_ICON",
        "frames": [
            {"frameNum": 0, "duration": 1, "x": -3.875, "y": -2.25, "width": 178, "height": 194, "vertIdx": 198, "vertNum": 66}
        ]
    }
],
"verts": [
    {"x": -26.452999114990234, "y": -22.077999114990234, "z": 0, "u": 0.46875, "v": 0.296875, "w": 0},
    {"x": 25.55000114440918, "y": -22.077999114990234, "z": 0, "u": 0.5703125, "v": 0.296875, "w": 0},
    {"x": -26.452999114990234, "y": 28.924999237060547, "z": 0, "u": 0.46875, "v": 0.09765625, "w": 0},
    {"x": 25.55000114440918, "y": -22.077999114990234, "z": 0, "u": 0.5703125, "v": 0.296875, "w": 0},
    {"x": 25.55000114440918, "y": 28.924999237060547, "z": 0, "u": 0.5703125, "v": 0.09765625, "w": 0},
    {"x": -26.452999114990234, "y": 28.924999237060547, "z": 0, "u": 0.46875, "v": 0.09765625, "w": 0},
    {"x": -26.452999114990234, "y": -22.077999114990234, "z": 0, "u": 0.5703125, "v": 0.296875, "w": 0},
    {"x": 25.55000114440918, "y": -22.077999114990234, "z": 0, "u": 0.671875, "v": 0.296875, "w": 0},
    {"x": -26.452999114990234, "y": 28.924999237060547, "z": 0, "u": 0.5703125, "v": 0.09765625, "w": 0},
    {"x": 25.55000114440918, "y": -22.077999114990234, "z": 0, "u": 0.671875, "v": 0.296875, "w": 0},
    {"x": 25.55000114440918, "y": 28.924999237060547, "z": 0, "u": 0.671875, "v": 0.09765625, "w": 0},
    {"x": -26.452999114990234, "y": 28.924999237060547, "z": 0, "u": 0.5703125, "v": 0.09765625, "w": 0},
    {"x": -20.97800064086914, "y": -7.7779998779296875, "z": 0, "u": 0.3828125, "v": 0.171875, "w": 0},
    {"x": 22.024999618530273, "y": -7.7779998779296875, "z": 0, "u": 0.466796875, "v": 0.171875, "w": 0},
    {"x": -20.97800064086914, "y": 33.224998474121094, "z": 0, "u": 0.3828125, "v": 0.01171875, "w": 0},
    {"x": 22.024999618530273, "y": -7.7779998779296875, "z": 0, "u": 0.466796875, "v": 0.171875, "w": 0},
    {"x": 22.024999618530273, "y": 33.224998474121094, "z": 0, "u": 0.466796875, "v": 0.01171875, "w": 0},
    {"x": -20.97800064086914, "y": 33.224998474121094, "z": 0, "u": 0.3828125, "v": 0.01171875, "w": 0},
    {"x": -27.27800178527832, "y": -9.803000450134277, "z": 0, "u": 0.53125, "v": 0.5, "w": 0},
    {"x": 31.724998474121094, "y": -9.803000450134277, "z": 0, "u": 0.646484375, "v": 0.5, "w": 0},
    {"x": -27.27800178527832, "y": 39.20000076293945, "z": 0, "u": 0.53125, "v": 0.30859375, "w": 0},
    {"x": 31.724998474121094, "y": -9.803000450134277, "z": 0, "u": 0.646484375, "v": 0.5, "w": 0},
    {"x": 31.724998474121094, "y": 39.20000076293945, "z": 0, "u": 0.646484375, "v": 0.30859375, "w": 0},
    {"x": -27.27800178527832, "y": 39.20000076293945, "z": 0, "u": 0.53125, "v": 0.30859375, "w": 0},
    {"x": -22.852998733520508, "y": -9.07999038696289, "z": 0, "u": 0, "v": 0.234375, "w": 0},
    {"x": 26.150001525878906, "y": -9.07999038696289, "z": 0, "u": 0.095703125, "v": 0.234375, "w": 0},
    {"x": -22.852998733520508, "y": 31.923009872436523, "z": 0, "u": 0, "v": 0.07421875, "w": 0},
    {"x": 26.150001525878906, "y": -9.07999038696289, "z": 0, "u": 0.095703125, "v": 0.234375, "w": 0},
    {"x": 26.150001525878906, "y": 31.923009872436523, "z": 0, "u": 0.095703125, "v": 0.07421875, "w": 0},
    {"x": -22.852998733520508, "y": 31.923009872436523, "z": 0, "u": 0, "v": 0.07421875, "w": 0},
    {"x": -24.527999877929688, "y": -8.803000450134277, "z": 0, "u": 0.203125, "v": 0.234375, "w": 0},
    {"x": 20.475000381469727, "y": -8.803000450134277, "z": 0, "u": 0.291015625, "v": 0.234375, "w": 0},
    {"x": -24.527999877929688, "y": 32.20000076293945, "z": 0, "u": 0.203125, "v": 0.07421875, "w": 0},
    {"x": 20.475000381469727, "y": -8.803000450134277, "z": 0, "u": 0.291015625, "v": 0.234375, "w": 0},
    {"x": 20.475000381469727, "y": 32.20000076293945, "z": 0, "u": 0.291015625, "v": 0.07421875, "w": 0},
    {"x": -24.527999877929688, "y": 32.20000076293945, "z": 0, "u": 0.203125, "v": 0.07421875, "w": 0},
    {"x": -26.92799949645996, "y": -11.227999687194824, "z": 0, "u": 0.6640625, "v": 0.75, "w": 0},
    {"x": 36.07500076293945, "y": -11.227999687194824, "z": 0, "u": 0.787109375, "v": 0.75, "w": 0},
    {"x": -26.92799949645996, "y": 44.775001525878906, "z": 0, "u": 0.6640625, "v": 0.53125, "w": 0},
    {"x": 36.07500076293945, "y": -11.227999687194824, "z": 0, "u": 0.787109375, "v": 0.75, "w": 0},
    {"x": 36.07500076293945, "y": 44.775001525878906, "z": 0, "u": 0.787109375, "v": 0.53125, "w": 0},
    {"x": -26.92799949645996, "y": 44.775001525878906, "z": 0, "u": 0.6640625, "v": 0.53125, "w": 0},
    {"x": -26.452999114990234, "y": -9.553000450134277, "z": 0, "u": 0.1015625, "v": 0.234375, "w": 0},
    {"x": 22.549999237060547, "y": -9.553000450134277, "z": 0, "u": 0.197265625, "v": 0.234375, "w": 0},
    {"x": -26.452999114990234, "y": 28.450000762939453, "z": 0, "u": 0.1015625, "v": 0.0859375, "w": 0},
    {"x": 22.549999237060547, "y": -9.553000450134277, "z": 0, "u": 0.197265625, "v": 0.234375, "w": 0},
    {"x": 22.549999237060547, "y": 28.450000762939453, "z": 0, "u": 0.197265625, "v": 0.0859375, "w": 0},
    {"x": -26.452999114990234, "y": 28.450000762939453, "z": 0, "u": 0.1015625, "v": 0.0859375, "w": 0},
    {"x": -38.803001403808594, "y": -9.303000450134277, "z": 0, "u": 0.65625, "v": 0.53125, "w": 0},
    {"x": 16.200000762939453, "y": -9.303000450134277, "z": 0, "u": 0.763671875, "v": 0.53125, "w": 0},
    {"x": -38.803001403808594, "y": 50.70000076293945, "z": 0, "u": 0.65625, "v": 0.296875, "w": 0},
    {"x": 16.200000762939453, "y": -9.303000450134277, "z": 0, "u": 0.763671875, "v": 0.53125, "w": 0},
    {"x": 16.200000762939453, "y": 50.70000076293945, "z": 0, "u": 0.763671875, "v": 0.296875, "w": 0},
    {"x": -38.803001403808594, "y": 50.70000076293945, "z": 0, "u": 0.65625, "v": 0.296875, "w": 0},
    {"x": -15.503000259399414, "y": -7.953000068664551, "z": 0, "u": 0.875, "v": 0.34375, "w": 0},
    {"x": 37.5, "y": -7.953000068664551, "z": 0, "u": 0.978515625, "v": 0.34375, "w": 0},
    {"x": -15.503000259399414, "y": 46.04999923706055, "z": 0, "u": 0.875, "v": 0.1328125, "w": 0},
    {"x": 37.5, "y": -7.953000068664551, "z": 0, "u": 0.978515625, "v": 0.34375, "w": 0},
    {"x": 37.5, "y": 46.04999923706055, "z": 0, "u": 0.978515625, "v": 0.1328125, "w": 0},
    {"x": -15.503000259399414, "y": 46.04999923706055, "z": 0, "u": 0.875, "v": 0.1328125, "w": 0},
    {"x": -9.95300006866455, "y": -8.338990211486816, "z": 0, "u": 0.671875, "v": 0.296875, "w": 0},
    {"x": 38.04999923706055, "y": -8.338990211486816, "z": 0, "u": 0.765625, "v": 0.296875, "w": 0},
    {"x": -9.95300006866455, "y": 45.66400909423828, "z": 0, "u": 0.671875, "v": 0.0859375, "w": 0},
    {"x": 38.04999923706055, "y": -8.338990211486816, "z": 0, "u": 0.765625, "v": 0.296875, "w": 0},
    {"x": 38.04999923706055, "y": 45.66400909423828, "z": 0, "u": 0.765625, "v": 0.0859375, "w": 0},
    {"x": -9.95300006866455, "y": 45.66400909423828, "z": 0, "u": 0.671875, "v": 0.0859375, "w": 0},
    {"x": -18.702999114990234, "y": -10.446749687194824, "z": 0, "u": 0.875, "v": 0.53125, "w": 0},
    {"x": 42.29999923706055, "y": -10.446749687194824, "z": 0, "u": 0.994140625, "v": 0.53125, "w": 0},
    {"x": -18.702999114990234, "y": 37.556251525878906, "z": 0, "u": 0.875, "v": 0.34375, "w": 0},
    {"x": 42.29999923706055, "y": -10.446749687194824, "z": 0, "u": 0.994140625, "v": 0.53125, "w": 0},
    {"x": 42.29999923706055, "y": 37.556251525878906, "z": 0, "u": 0.994140625, "v": 0.34375, "w": 0},
    {"x": -18.702999114990234, "y": 37.556251525878906, "z": 0, "u": 0.875, "v": 0.34375, "w": 0},
    {"x": -23.527999877929688, "y": -11.378000259399414, "z": 0, "u": 0.765625, "v": 0.53125, "w": 0},
    {"x": 29.475000381469727, "y": -11.378000259399414, "z": 0, "u": 0.869140625, "v": 0.53125, "w": 0},
    {"x": -23.527999877929688, "y": 50.625, "z": 0, "u": 0.765625, "v": 0.2890625, "w": 0},
    {"x": 29.475000381469727, "y": -11.378000259399414, "z": 0, "u": 0.869140625, "v": 0.53125, "w": 0},
    {"x": 29.475000381469727, "y": 50.625, "z": 0, "u": 0.869140625, "v": 0.2890625, "w": 0},
    {"x": -23.527999877929688, "y": 50.625, "z": 0, "u": 0.765625, "v": 0.2890625, "w": 0},
    {"x": -20.97800064086914, "y": -8.178000450134277, "z": 0, "u": 0.296875, "v": 0.171875, "w": 0},
    {"x": 22.024999618530273, "y": -8.178000450134277, "z": 0, "u": 0.380859375, "v": 0.171875, "w": 0},
    {"x": -20.97800064086914, "y": 33.82500076293945, "z": 0, "u": 0.296875, "v": 0.0078125, "w": 0},
    {"x": 22.024999618530273, "y": -8.178000450134277, "z": 0, "u": 0.380859375, "v": 0.171875, "w": 0},
    {"x": 22.024999618530273, "y": 33.82500076293945, "z": 0, "u": 0.380859375, "v": 0.0078125, "w": 0},
    {"x": -20.97800064086914, "y": 33.82500076293945, "z": 0, "u": 0.296875, "v": 0.0078125, "w": 0},
    {"x": -27.27800178527832, "y": -9.803000450134277, "z": 0, "u": 0.3515625, "v": 0.375, "w": 0},
    {"x": 31.724998474121094, "y": -9.803000450134277, "z": 0, "u": 0.466796875, "v": 0.375, "w": 0},
    {"x": -27.27800178527832, "y": 39.20000076293945, "z": 0, "u": 0.3515625, "v": 0.18359375, "w": 0},
    {"x": 31.724998474121094, "y": -9.803000450134277, "z": 0, "u": 0.466796875, "v": 0.375, "w": 0},
    {"x": 31.724998474121094, "y": 39.20000076293945, "z": 0, "u": 0.466796875, "v": 0.18359375, "w": 0},
    {"x": -27.27800178527832, "y": 39.20000076293945, "z": 0, "u": 0.3515625, "v": 0.18359375, "w": 0},
    {"x": -35.7089958190918, "y": -11.341130256652832, "z": 0, "u": 0.6640625, "v": 1, "w": 0},
    {"x": 35.294002532958984, "y": -11.341130256652832, "z": 0, "u": 0.802734375, "v": 1, "w": 0},
    {"x": -35.7089958190918, "y": 50.661869049072266, "z": 0, "u": 0.6640625, "v": 0.7578125, "w": 0},
    {"x": 35.294002532958984, "y": -11.341130256652832, "z": 0, "u": 0.802734375, "v": 1, "w": 0},
    {"x": 35.294002532958984, "y": 50.661869049072266, "z": 0, "u": 0.802734375, "v": 0.7578125, "w": 0},
    {"x": -35.7089958190918, "y": 50.661869049072266, "z": 0, "u": 0.6640625, "v": 0.7578125, "w": 0},
    {"x": -26.92799949645996, "y": -11.227999687194824, "z": 0, "u": 0.53125, "v": 0.71875, "w": 0},
    {"x": 36.07500076293945, "y": -11.227999687194824, "z": 0, "u": 0.654296875, "v": 0.71875, "w": 0},
    {"x": -26.92799949645996, "y": 44.775001525878906, "z": 0, "u": 0.53125, "v": 0.5, "w": 0},
    {"x": 36.07500076293945, "y": -11.227999687194824, "z": 0, "u": 0.654296875, "v": 0.71875, "w": 0},
    {"x": 36.07500076293945, "y": 44.775001525878906, "z": 0, "u": 0.654296875, "v": 0.5, "w": 0},
    {"x": -26.92799949645996, "y": 44.775001525878906, "z": 0, "u": 0.53125, "v": 0.5, "w": 0},
    {"x": -37.178001403808594, "y": -8.57800006866455, "z": 0, "u": 0.3515625, "v": 1, "w": 0},
    {"x": 53.82500076293945, "y": -8.57800006866455, "z": 0, "u": 0.529296875, "v": 1, "w": 0},
    {"x": -37.178001403808594, "y": 150.4250030517578, "z": 0, "u": 0.3515625, "v": 0.37890625, "w": 0},
    {"x": 53.82500076293945, "y": -8.57800006866455, "z": 0, "u": 0.529296875, "v": 1, "w": 0},
    {"x": 53.82500076293945, "y": 150.4250030517578, "z": 0, "u": 0.529296875, "v": 0.37890625, "w": 0},
    {"x": -37.178001403808594, "y": 150.4250030517578, "z": 0, "u": 0.3515625, "v": 0.37890625, "w": 0},
    {"x": -9.95300006866455, "y": -8.338990211486816, "z": 0, "u": 0.765625, "v": 0.28125, "w": 0},
    {"x": 38.04999923706055, "y": -8.338990211486816, "z": 0, "u": 0.859375, "v": 0.28125, "w": 0},
    {"x": -9.95300006866455, "y": 45.66400909423828, "z": 0, "u": 0.765625, "v": 0.0703125, "w": 0},
    {"x": 38.04999923706055, "y": -8.338990211486816, "z": 0, "u": 0.859375, "v": 0.28125, "w": 0},
    {"x": 38.04999923706055, "y": 45.66400909423828, "z": 0, "u": 0.859375, "v": 0.0703125, "w": 0},
    {"x": -9.95300006866455, "y": 45.66400909423828, "z": 0, "u": 0.765625, "v": 0.0703125, "w": 0},
    {"x": -5.8154988288879395, "y": -7.0279998779296875, "z": 0, "u": 0.59765625, "v": 1, "w": 0},
    {"x": 28.187501907348633, "y": -7.0279998779296875, "z": 0, "u": 0.6640625, "v": 1, "w": 0},
    {"x": -5.8154988288879395, "y": 63.974998474121094, "z": 0, "u": 0.59765625, "v": 0.72265625, "w": 0},
    {"x": 28.187501907348633, "y": -7.0279998779296875, "z": 0, "u": 0.6640625, "v": 1, "w": 0},
    {"x": 28.187501907348633, "y": 63.974998474121094, "z": 0, "u": 0.6640625, "v": 0.72265625, "w": 0},
    {"x": -5.8154988288879395, "y": 63.974998474121094, "z": 0, "u": 0.59765625, "v": 0.72265625, "w": 0},
    {"x": -39.81549835205078, "y": -7.0279998779296875, "z": 0, "u": 0.53125, "v": 1, "w": 0},
    {"x": -5.812499046325684, "y": -7.0279998779296875, "z": 0, "u": 0.59765625, "v": 1, "w": 0},
    {"x": -39.81549835205078, "y": 45.974998474121094, "z": 0, "u": 0.53125, "v": 0.79296875, "w": 0},
    {"x": -5.812499046325684, "y": -7.0279998779296875, "z": 0, "u": 0.59765625, "v": 1, "w": 0},
    {"x": -5.812499046325684, "y": 45.974998474121094, "z": 0, "u": 0.59765625, "v": 0.79296875, "w": 0},
    {"x": -39.81549835205078, "y": 45.974998474121094, "z": 0, "u": 0.53125, "v": 0.79296875, "w": 0},
    {"x": -22.81549835205078, "y": 45.97200012207031, "z": 0, "u": 0.564453125, "v": 0.79296875, "w": 0},
    {"x": -5.812499046325684, "y": 45.97200012207031, "z": 0, "u": 0.59765625, "v": 0.79296875, "w": 0},
    {"x": -22.81549835205078, "y": 63.974998474121094, "z": 0, "u": 0.564453125, "v": 0.72265625, "w": 0},
    {"x": -5.812499046325684, "y": 45.97200012207031, "z": 0, "u": 0.59765625, "v": 0.79296875, "w": 0},
    {"x": -5.812499046325684, "y": 63.974998474121094, "z": 0, "u": 0.59765625, "v": 0.72265625, "w": 0},
    {"x": -22.81549835205078, "y": 63.974998474121094, "z": 0, "u": 0.564453125, "v": 0.72265625, "w": 0},
    {"x": -32.827999114990234, "y": -22.827999114990234, "z": 0, "u": 0.8046875, "v": 0.78125, "w": 0},
    {"x": 29.174999237060547, "y": -22.827999114990234, "z": 0, "u": 0.92578125, "v": 0.78125, "w": 0},
    {"x": -32.827999114990234, "y": 38.17499923706055, "z": 0, "u": 0.8046875, "v": 0.54296875, "w": 0},
    {"x": 29.174999237060547, "y": -22.827999114990234, "z": 0, "u": 0.92578125, "v": 0.78125, "w": 0},
    {"x": 29.174999237060547, "y": 38.17499923706055, "z": 0, "u": 0.92578125, "v": 0.54296875, "w": 0},
    {"x": -32.827999114990234, "y": 38.17499923706055, "z": 0, "u": 0.8046875, "v": 0.54296875, "w": 0},
    {"x": -35.17799758911133, "y": -29.265499114990234, "z": 0, "u": 0.8046875, "v": 1, "w": 0},
    {"x": 40.82500076293945, "y": -29.265499114990234, "z": 0, "u": 0.953125, "v": 1, "w": 0},
    {"x": -35.17799758911133, "y": 26.737499237060547, "z": 0, "u": 0.8046875, "v": 0.78125, "w": 0},
    {"x": 40.82500076293945, "y": -29.265499114990234, "z": 0, "u": 0.953125, "v": 1, "w": 0},
    {"x": 40.82500076293945, "y": 26.737499237060547, "z": 0, "u": 0.953125, "v": 0.78125, "w": 0},
    {"x": -35.17799758911133, "y": 26.737499237060547, "z": 0, "u": 0.8046875, "v": 0.78125, "w": 0},
    {"x": -23.174999237060547, "y": -11.949999809265137, "z": 0, "u": 0.287109375, "v": 0.1484375, "w": 0},
    {"x": 24.825000762939453, "y": -11.949999809265137, "z": 0, "u": 0.310546875, "v": 0.1484375, "w": 0},
    {"x": -23.174999237060547, "y": 36.04999923706055, "z": 0, "u": 0.287109375, "v": 0.1015625, "w": 0},
    {"x": 24.825000762939453, "y": -11.949999809265137, "z": 0, "u": 0.310546875, "v": 0.1484375, "w": 0},
    {"x": 24.825000762939453, "y": 36.04999923706055, "z": 0, "u": 0.310546875, "v": 0.1015625, "w": 0},
    {"x": -23.174999237060547, "y": 36.04999923706055, "z": 0, "u": 0.287109375, "v": 0.1015625, "w": 0},
    {"x": -23.075000762939453, "y": -13.600000381469727, "z": 0, "u": 0.263671875, "v": 0.1484375, "w": 0},
    {"x": 24.924999237060547, "y": -13.600000381469727, "z": 0, "u": 0.287109375, "v": 0.1484375, "w": 0},
    {"x": -23.075000762939453, "y": 34.400001525878906, "z": 0, "u": 0.263671875, "v": 0.1015625, "w": 0},
    {"x": 24.924999237060547, "y": -13.600000381469727, "z": 0, "u": 0.287109375, "v": 0.1484375, "w": 0},
    {"x": 24.924999237060547, "y": 34.400001525878906, "z": 0, "u": 0.287109375, "v": 0.1015625, "w": 0},
    {"x": -23.075000762939453, "y": 34.400001525878906, "z": 0, "u": 0.263671875, "v": 0.1015625, "w": 0},
    {"x": -28.190500259399414, "y": 13.54699993133545, "z": 0, "u": 0.943359375, "v": 0.517578125, "w": 0},
    {"x": 7.812499046325684, "y": 13.54699993133545, "z": 0, "u": 0.9609375, "v": 0.517578125, "w": 0},
    {"x": -28.190500259399414, "y": 48.54999923706055, "z": 0, "u": 0.943359375, "v": 0.4833984375, "w": 0},
    {"x": 7.812499046325684, "y": 13.54699993133545, "z": 0, "u": 0.9609375, "v": 0.517578125, "w": 0},
    {"x": 7.812499046325684, "y": 48.54999923706055, "z": 0, "u": 0.9609375, "v": 0.4833984375, "w": 0},
    {"x": -28.190500259399414, "y": 48.54999923706055, "z": 0, "u": 0.943359375, "v": 0.4833984375, "w": 0},
    {"x": 7.8094987869262695, "y": 30.547000885009766, "z": 0, "u": 0.9609375, "v": 0.5009765625, "w": 0},
    {"x": 44.8125, "y": 30.547000885009766, "z": 0, "u": 0.97900390625, "v": 0.5009765625, "w": 0},
    {"x": 7.8094987869262695, "y": 48.54999923706055, "z": 0, "u": 0.9609375, "v": 0.4833984375, "w": 0},
    {"x": 44.8125, "y": 30.547000885009766, "z": 0, "u": 0.97900390625, "v": 0.5009765625, "w": 0},
    {"x": 44.8125, "y": 48.54999923706055, "z": 0, "u": 0.97900390625, "v": 0.4833984375, "w": 0},
    {"x": 7.8094987869262695, "y": 48.54999923706055, "z": 0, "u": 0.9609375, "v": 0.4833984375, "w": 0},
    {"x": 25.809499740600586, "y": -3.453000068664551, "z": 0, "u": 0.9697265625, "v": 0.5341796875, "w": 0},
    {"x": 44.8125, "y": -3.453000068664551, "z": 0, "u": 0.97900390625, "v": 0.5341796875, "w": 0},
    {"x": 25.809499740600586, "y": 30.549999237060547, "z": 0, "u": 0.9697265625, "v": 0.5009765625, "w": 0},
    {"x": 44.8125, "y": -3.453000068664551, "z": 0, "u": 0.97900390625, "v": 0.5341796875, "w": 0},
    {"x": 44.8125, "y": 30.549999237060547, "z": 0, "u": 0.97900390625, "v": 0.5009765625, "w": 0},
    {"x": 25.809499740600586, "y": 30.549999237060547, "z": 0, "u": 0.9697265625, "v": 0.5009765625, "w": 0},
    {"x": -28.190500259399414, "y": -20.452999114990234, "z": 0, "u": 0.943359375, "v": 0.55078125, "w": 0},
    {"x": 25.812498092651367, "y": -20.452999114990234, "z": 0, "u": 0.9697265625, "v": 0.55078125, "w": 0},
    {"x": -28.190500259399414, "y": 13.550000190734863, "z": 0, "u": 0.943359375, "v": 0.517578125, "w": 0},
    {"x": 25.812498092651367, "y": -20.452999114990234, "z": 0, "u": 0.9697265625, "v": 0.55078125, "w": 0},
    {"x": 25.812498092651367, "y": 13.550000190734863, "z": 0, "u": 0.9697265625, "v": 0.517578125, "w": 0},
    {"x": -28.190500259399414, "y": 13.550000190734863, "z": 0, "u": 0.943359375, "v": 0.517578125, "w": 0},
    {"x": 7.8094987869262695, "y": 13.54699993133545, "z": 0, "u": 0.9609375, "v": 0.517578125, "w": 0},
    {"x": 25.812498092651367, "y": 13.54699993133545, "z": 0, "u": 0.9697265625, "v": 0.517578125, "w": 0},
    {"x": 7.8094987869262695, "y": 30.549999237060547, "z": 0, "u": 0.9609375, "v": 0.5009765625, "w": 0},
    {"x": 25.812498092651367, "y": 13.54699993133545, "z": 0, "u": 0.9697265625, "v": 0.517578125, "w": 0},
    {"x": 25.812498092651367, "y": 30.549999237060547, "z": 0, "u": 0.9697265625, "v": 0.5009765625, "w": 0},
    {"x": 7.8094987869262695, "y": 30.549999237060547, "z": 0, "u": 0.9609375, "v": 0.5009765625, "w": 0},
    {"x": -42.02799987792969, "y": -13.003000259399414, "z": 0, "u": 0.25390625, "v": 0.52734375, "w": 0},
    {"x": 25.974998474121094, "y": -13.003000259399414, "z": 0, "u": 0.287109375, "v": 0.52734375, "w": 0},
    {"x": -42.02799987792969, "y": 43, "z": 0, "u": 0.25390625, "v": 0.47265625, "w": 0},
    {"x": 25.974998474121094, "y": -13.003000259399414, "z": 0, "u": 0.287109375, "v": 0.52734375, "w": 0},
    {"x": 25.974998474121094, "y": 43, "z": 0, "u": 0.287109375, "v": 0.47265625, "w": 0},
    {"x": -42.02799987792969, "y": 43, "z": 0, "u": 0.25390625, "v": 0.47265625, "w": 0},
    {"x": -22.94675064086914, "y": -21.66550064086914, "z": 0, "u": 0.91015625, "v": 0.47265625, "w": 0},
    {"x": 21.056249618530273, "y": -21.66550064086914, "z": 0, "u": 0.931640625, "v": 0.47265625, "w": 0},
    {"x": -22.94675064086914, "y": 31.337499618530273, "z": 0, "u": 0.91015625, "v": 0.4208984375, "w": 0},
    {"x": 21.056249618530273, "y": -21.66550064086914, "z": 0, "u": 0.931640625, "v": 0.47265625, "w": 0},
    {"x": 21.056249618530273, "y": 31.337499618530273, "z": 0, "u": 0.931640625, "v": 0.4208984375, "w": 0},
    {"x": -22.94675064086914, "y": 31.337499618530273, "z": 0, "u": 0.91015625, "v": 0.4208984375, "w": 0},
    {"x": -48.87799835205078, "y": -99.25299835205078, "z": 0, "u": 0.0859375, "v": 1, "w": 0},
    {"x": 40.125, "y": -99.25299835205078, "z": 0, "u": 0.259765625, "v": 1, "w": 0},
    {"x": -48.87799835205078, "y": -51.25, "z": 0, "u": 0.0859375, "v": 0.8125, "w": 0},
    {"x": 40.125, "y": -99.25299835205078, "z": 0, "u": 0.259765625, "v": 1, "w": 0},
    {"x": 40.125, "y": -51.25, "z": 0, "u": 0.259765625, "v": 0.8125, "w": 0},
    {"x": -48.87799835205078, "y": -51.25, "z": 0, "u": 0.0859375, "v": 0.8125, "w": 0},
    {"x": -26.878000259399414, "y": -51.25299835205078, "z": 0, "u": 0.12890625, "v": 0.8125, "w": 0},
    {"x": -3.875, "y": -51.25299835205078, "z": 0, "u": 0.173828125, "v": 0.8125, "w": 0},
    {"x": -26.878000259399414, "y": 45.75, "z": 0, "u": 0.12890625, "v": 0.43359375, "w": 0},
    {"x": -3.875, "y": -51.25299835205078, "z": 0, "u": 0.173828125, "v": 0.8125, "w": 0},
    {"x": -3.875, "y": 45.75, "z": 0, "u": 0.173828125, "v": 0.43359375, "w": 0},
    {"x": -26.878000259399414, "y": 45.75, "z": 0, "u": 0.12890625, "v": 0.43359375, "w": 0},
    {"x": -26.878000259399414, "y": 45.74700164794922, "z": 0, "u": 0.12890625, "v": 0.43359375, "w": 0},
    {"x": 85.125, "y": 45.74700164794922, "z": 0, "u": 0.34765625, "v": 0.43359375, "w": 0},
    {"x": -26.878000259399414, "y": 94.75, "z": 0, "u": 0.12890625, "v": 0.2421875, "w": 0},
    {"x": 85.125, "y": 45.74700164794922, "z": 0, "u": 0.34765625, "v": 0.43359375, "w": 0},
    {"x": 85.125, "y": 94.75, "z": 0, "u": 0.34765625, "v": 0.2421875, "w": 0},
    {"x": -26.878000259399414, "y": 94.75, "z": 0, "u": 0.12890625, "v": 0.2421875, "w": 0},
    {"x": -70.87799835205078, "y": -27.253000259399414, "z": 0, "u": 0.04296875, "v": 0.71875, "w": 0},
    {"x": -26.875, "y": -27.253000259399414, "z": 0, "u": 0.12890625, "v": 0.71875, "w": 0},
    {"x": -70.87799835205078, "y": -2.25, "z": 0, "u": 0.04296875, "v": 0.62109375, "w": 0},
    {"x": -26.875, "y": -27.253000259399414, "z": 0, "u": 0.12890625, "v": 0.71875, "w": 0},
    {"x": -26.875, "y": -2.25, "z": 0, "u": 0.12890625, "v": 0.62109375, "w": 0},
    {"x": -70.87799835205078, "y": -2.25, "z": 0, "u": 0.04296875, "v": 0.62109375, "w": 0},
    {"x": -70.87799835205078, "y": 69.74700164794922, "z": 0, "u": 0.04296875, "v": 0.33984375, "w": 0},
    {"x": -26.875, "y": 69.74700164794922, "z": 0, "u": 0.12890625, "v": 0.33984375, "w": 0},
    {"x": -70.87799835205078, "y": 94.75, "z": 0, "u": 0.04296875, "v": 0.2421875, "w": 0},
    {"x": -26.875, "y": 69.74700164794922, "z": 0, "u": 0.12890625, "v": 0.33984375, "w": 0},
    {"x": -26.875, "y": 94.75, "z": 0, "u": 0.12890625, "v": 0.2421875, "w": 0},
    {"x": -70.87799835205078, "y": 94.75, "z": 0, "u": 0.04296875, "v": 0.2421875, "w": 0},
    {"x": -70.87799835205078, "y": -75.25299835205078, "z": 0, "u": 0.04296875, "v": 0.90625, "w": 0},
    {"x": -48.875, "y": -75.25299835205078, "z": 0, "u": 0.0859375, "v": 0.90625, "w": 0},
    {"x": -70.87799835205078, "y": -27.25, "z": 0, "u": 0.04296875, "v": 0.71875, "w": 0},
    {"x": -48.875, "y": -75.25299835205078, "z": 0, "u": 0.0859375, "v": 0.90625, "w": 0},
    {"x": -48.875, "y": -27.25, "z": 0, "u": 0.0859375, "v": 0.71875, "w": 0},
    {"x": -70.87799835205078, "y": -27.25, "z": 0, "u": 0.04296875, "v": 0.71875, "w": 0},
    {"x": -48.87799835205078, "y": -51.25299835205078, "z": 0, "u": 0.0859375, "v": 0.8125, "w": 0},
    {"x": -26.875, "y": -51.25299835205078, "z": 0, "u": 0.12890625, "v": 0.8125, "w": 0},
    {"x": -48.87799835205078, "y": -27.25, "z": 0, "u": 0.0859375, "v": 0.71875, "w": 0},
    {"x": -26.875, "y": -51.25299835205078, "z": 0, "u": 0.12890625, "v": 0.8125, "w": 0},
    {"x": -26.875, "y": -27.25, "z": 0, "u": 0.12890625, "v": 0.71875, "w": 0},
    {"x": -48.87799835205078, "y": -27.25, "z": 0, "u": 0.0859375, "v": 0.71875, "w": 0},
    {"x": -92.87799835205078, "y": -2.253000020980835, "z": 0, "u": 0, "v": 0.62109375, "w": 0},
    {"x": -26.875, "y": -2.253000020980835, "z": 0, "u": 0.12890625, "v": 0.62109375, "w": 0},
    {"x": -92.87799835205078, "y": 69.75, "z": 0, "u": 0, "v": 0.33984375, "w": 0},
    {"x": -26.875, "y": -2.253000020980835, "z": 0, "u": 0.12890625, "v": 0.62109375, "w": 0},
    {"x": -26.875, "y": 69.75, "z": 0, "u": 0.12890625, "v": 0.33984375, "w": 0},
    {"x": -92.87799835205078, "y": 69.75, "z": 0, "u": 0, "v": 0.33984375, "w": 0},
    {"x": -3.878000020980835, "y": -51.25299835205078, "z": 0, "u": 0.173828125, "v": 0.8125, "w": 0},
    {"x": 40.125, "y": -51.25299835205078, "z": 0, "u": 0.259765625, "v": 0.8125, "w": 0},
    {"x": -3.878000020980835, "y": 21.75, "z": 0, "u": 0.173828125, "v": 0.52734375, "w": 0},
    {"x": 40.125, "y": -51.25299835205078, "z": 0, "u": 0.259765625, "v": 0.8125, "w": 0},
    {"x": 40.125, "y": 21.75, "z": 0, "u": 0.259765625, "v": 0.52734375, "w": 0},
    {"x": -3.878000020980835, "y": 21.75, "z": 0, "u": 0.173828125, "v": 0.52734375, "w": 0},
    {"x": -3.878000020980835, "y": 21.746999740600586, "z": 0, "u": 0.173828125, "v": 0.52734375, "w": 0},
    {"x": 18.125, "y": 21.746999740600586, "z": 0, "u": 0.216796875, "v": 0.52734375, "w": 0},
    {"x": -3.878000020980835, "y": 45.75, "z": 0, "u": 0.173828125, "v": 0.43359375, "w": 0},
    {"x": 18.125, "y": 21.746999740600586, "z": 0, "u": 0.216796875, "v": 0.52734375, "w": 0},
    {"x": 18.125, "y": 45.75, "z": 0, "u": 0.216796875, "v": 0.43359375, "w": 0},
    {"x": -3.878000020980835, "y": 45.75, "z": 0, "u": 0.173828125, "v": 0.43359375, "w": 0},
    {"x": 40.12200164794922, "y": -75.25299835205078, "z": 0, "u": 0.259765625, "v": 0.90625, "w": 0},
    {"x": 62.125, "y": -75.25299835205078, "z": 0, "u": 0.302734375, "v": 0.90625, "w": 0},
    {"x": 40.12200164794922, "y": 21.75, "z": 0, "u": 0.259765625, "v": 0.52734375, "w": 0},
    {"x": 62.125, "y": -75.25299835205078, "z": 0, "u": 0.302734375, "v": 0.90625, "w": 0},
    {"x": 62.125, "y": 21.75, "z": 0, "u": 0.302734375, "v": 0.52734375, "w": 0},
    {"x": 40.12200164794922, "y": 21.75, "z": 0, "u": 0.259765625, "v": 0.52734375, "w": 0}
]
}